cz;europe
hu;europe
br;southamerica
th;asia
cn;asia
it;europe
us;northamerica
ch;europe
jo;asia
dk;europe
bd;asia
es;europe
ro;europe
ae;asia
no;europe
qa;asia
nl;europe
za;africa
nz;australasia
gr;europe
in;asia
co;southamerica
ca;northamerica
mt;europe
sa;asia
ru;europe
cl;southamerica
hk;asia
il;europe
eg;africa
cy;europe
tw;asia
ar;southamerica
fr;europe
lu;europe
au;australasia
ir;asia
ph;asia
jp;asia
de;europe
my;asia
ie;europe
lb;asia
pk;asia
pt;europe
pl;europe
ee;europe
fi;europe
kr;asia
at;europe
be;europe
sg;asia
uk;europe
se;europe
tr;europe
ch;dach
de;dach
at;dach
fr;wd
ie;wd
eg;wd
ru;wd
es;wd
my;wd
dk;wd
co;wd
kr;wd
be;wd
nz;wd
uk;wd
ph;wd
jo;wd
it;wd
gr;wd
ae;wd
cl;wd
pt;wd
bd;wd
ro;wd
at;wd
ch;wd
cy;wd
cz;wd
ir;wd
qa;wd
de;wd
us;wd
cn;wd
au;wd
ca;wd
nl;wd
lu;wd
ee;wd
br;wd
sa;wd
pl;wd
in;wd
tw;wd
se;wd
th;wd
no;wd
tr;wd
il;wd
pk;wd
za;wd
ar;wd
hu;wd
lb;wd
sg;wd
fi;wd
jp;wd
hk;wd
mt;wd
