conf/iccv/2007;vision
conf/iccv/2009;vision
conf/iccv/2011;vision
conf/iccv/2021dyad;vision
conf/iccv/2017;vision
conf/iccv/2021;vision
conf/iccv/2007hci;vision
conf/iccv/2019;vision
conf/iccv/2005hci;vision
conf/iccv/2015;vision
conf/iccv/2013;vision
conf/iccv/2005;vision
conf/accv/2014-5;vision
conf/accv/2020-6;vision
conf/accv/2014-2;vision
conf/accv/2014-w2;vision
conf/accv/2010-w2;vision
conf/accv/2014-w3;vision
conf/accv/2016-5;vision
conf/accv/2009-2;vision
conf/accv/2018-2;vision
conf/accv/2020-4;vision
conf/accv/2020-3;vision
conf/accv/2010-w1;vision
conf/accv/2012-4;vision
conf/accv/2016-2;vision
conf/accv/2012-1;vision
conf/accv/2014-3;vision
conf/accv/2009-3;vision
conf/accv/2012-2;vision
conf/accv/2006-2;vision
conf/accv/2018w;vision
conf/accv/2010-2;vision
conf/accv/2016-w3;vision
conf/accv/2007-1;vision
conf/accv/2012-w2;vision
conf/accv/2020-5;vision
conf/accv/2016-1;vision
conf/accv/2009-1;vision
conf/accv/2020w;vision
conf/accv/2016-4;vision
conf/accv/2016-w2;vision
conf/accv/2014-1;vision
conf/accv/2010-3;vision
conf/accv/2012-3;vision
conf/accv/2018-4;vision
conf/accv/2006-1;vision
conf/accv/2016-w1;vision
conf/accv/2010-4;vision
conf/accv/2018-3;vision
conf/accv/2016-3;vision
conf/accv/2007-2;vision
conf/accv/2012-w1;vision
conf/accv/2018-5;vision
conf/accv/2014-w1;vision
conf/accv/2014-4;vision
conf/accv/2020-1;vision
conf/accv/2018-1;vision
conf/accv/2010-1;vision
conf/accv/2018-6;vision
conf/accv/2020-2;vision
conf/eccv/2014-5;vision
conf/eccv/2020-8;vision
conf/eccv/2018-9;vision
conf/eccv/2022-24;vision
conf/eccv/2020-22;vision
conf/eccv/2020-15;vision
conf/eccv/2014w4;vision
conf/eccv/2020-6;vision
conf/eccv/2020-20;vision
conf/eccv/2022-17;vision
conf/eccv/2020-w3;vision
conf/eccv/2012w1;vision
conf/eccv/2014-2;vision
conf/eccv/2020-29;vision
conf/eccv/2016-5;vision
conf/eccv/2020-16;vision
conf/eccv/2020-11;vision
conf/eccv/2022-27;vision
conf/eccv/2008-3;vision
conf/eccv/2020-10;vision
conf/eccv/2022-32;vision
conf/eccv/2018-2;vision
conf/eccv/2018w6;vision
conf/eccv/2010-6;vision
conf/eccv/2020-4;vision
conf/eccv/2020-30;vision
conf/eccv/2018w5;vision
conf/eccv/2008-4;vision
conf/eccv/2020-3;vision
conf/eccv/2012-4;vision
conf/eccv/2018w1;vision
conf/eccv/2020-17;vision
conf/eccv/2008-1;vision
conf/eccv/2012-7;vision
conf/eccv/2016-2;vision
conf/eccv/2022-23;vision
conf/eccv/2018w4;vision
conf/eccv/2022-11;vision
conf/eccv/2012-1;vision
conf/eccv/2022-31;vision
conf/eccv/2018-10;vision
conf/eccv/2022-28;vision
conf/eccv/2018-13;vision
conf/eccv/2016-7;vision
conf/eccv/2020-12;vision
conf/eccv/2022-12;vision
conf/eccv/2014-3;vision
conf/eccv/2012-2;vision
conf/eccv/2014w2;vision
conf/eccv/2006-2;vision
conf/eccv/2022-1;vision
conf/eccv/2010-2;vision
conf/eccv/2018w3;vision
conf/eccv/2020-23;vision
conf/eccv/2022-15;vision
conf/eccv/2022-5;vision
conf/eccv/2022-26;vision
conf/eccv/2014-7;vision
conf/eccv/2020-5;vision
conf/eccv/2016-1;vision
conf/eccv/2020-w1;vision
conf/eccv/2014w3;vision
conf/eccv/2012-5;vision
conf/eccv/2022-38;vision
conf/eccv/2020-w5;vision
conf/eccv/2022-16;vision
conf/eccv/2022-14;vision
conf/eccv/2010w1;vision
conf/eccv/2006cvamia;vision
conf/eccv/2016-4;vision
conf/eccv/2022-36;vision
conf/eccv/2022-37;vision
conf/eccv/2020-25;vision
conf/eccv/2006-3;vision
conf/eccv/2006hci;vision
conf/eccv/2022-4;vision
conf/eccv/2022-6;vision
conf/eccv/2018-7;vision
conf/eccv/2008-2;vision
conf/eccv/2020-w4;vision
conf/eccv/2014-1;vision
conf/eccv/2012w2;vision
conf/eccv/2022-19;vision
conf/eccv/2010-3;vision
conf/eccv/2022-21;vision
conf/eccv/2006-4;vision
conf/eccv/2016w2;vision
conf/eccv/2012-3;vision
conf/eccv/2020-24;vision
conf/eccv/2018-4;vision
conf/eccv/2022-9;vision
conf/eccv/2022-13;vision
conf/eccv/2006-1;vision
conf/eccv/2016w3;vision
conf/eccv/2022-2;vision
conf/eccv/2020-18;vision
conf/eccv/2012w3;vision
conf/eccv/2016-8;vision
conf/eccv/2010-4;vision
conf/eccv/2018-3;vision
conf/eccv/2022-25;vision
conf/eccv/2020-13;vision
conf/eccv/2016-3;vision
conf/eccv/2022-33;vision
conf/eccv/2020-w6;vision
conf/eccv/2018-5;vision
conf/eccv/2020-21;vision
conf/eccv/2022-18;vision
conf/eccv/2014-4;vision
conf/eccv/2022-3;vision
conf/eccv/2020-9;vision
conf/eccv/2010w2;vision
conf/eccv/2016w1;vision
conf/eccv/2014w1;vision
conf/eccv/2020-1;vision
conf/eccv/2006wdv;vision
conf/eccv/2018w2;vision
conf/eccv/2018-15;vision
conf/eccv/2020-28;vision
conf/eccv/2018-1;vision
conf/eccv/2020-w2;vision
conf/eccv/2020-19;vision
conf/eccv/2022-35;vision
conf/eccv/2022-20;vision
conf/eccv/2010-1;vision
conf/eccv/2016-6;vision
conf/eccv/2022-8;vision
conf/eccv/2022-30;vision
conf/eccv/2018-14;vision
conf/eccv/2018-11;vision
conf/eccv/2010-5;vision
conf/eccv/2022-7;vision
conf/eccv/2020-7;vision
conf/eccv/2022-22;vision
conf/eccv/2012-6;vision
conf/eccv/2018-6;vision
conf/eccv/2022-39;vision
conf/eccv/2020-27;vision
conf/eccv/2020-26;vision
conf/eccv/2020-14;vision
conf/eccv/2018-12;vision
conf/eccv/2018-8;vision
conf/eccv/2022-10;vision
conf/eccv/2014-6;vision
conf/eccv/2022-34;vision
conf/eccv/2020-2;vision
conf/eccv/2018-16;vision
conf/cvpr/2010;vision
conf/cvpr/2014w;vision
conf/cvpr/2021w;vision
conf/cvpr/2007;vision
conf/cvpr/2009;vision
conf/cvpr/2011;vision
conf/cvpr/2008;vision
conf/cvpr/2017;vision
conf/cvpr/2005w;vision
conf/cvpr/2021;vision
conf/cvpr/2018w;vision
conf/cvpr/2014;vision
conf/cvpr/2016w;vision
conf/cvpr/2020w;vision
conf/cvpr/2022;vision
conf/cvpr/2010w;vision
conf/cvpr/2009w;vision
conf/cvpr/2011w;vision
conf/cvpr/2017w;vision
conf/cvpr/2022w;vision
conf/cvpr/2018;vision
conf/cvpr/2008w;vision
conf/cvpr/2006;vision
conf/cvpr/2006w;vision
conf/cvpr/2019;vision
conf/cvpr/2015w;vision
conf/cvpr/2012w;vision
conf/cvpr/2015;vision
conf/cvpr/2013;vision
conf/cvpr/2005;vision
conf/cvpr/2012;vision
conf/cvpr/2016;vision
conf/cvpr/2019w;vision
conf/cvpr/2013w;vision
conf/cvpr/2020;vision
conf/bmvc/2010;vision
conf/bmvc/2007;vision
conf/bmvc/2009;vision
conf/bmvc/2011;vision
conf/bmvc/2008;vision
conf/bmvc/2017;vision
conf/bmvc/2021;vision
conf/bmvc/2014;vision
conf/bmvc/2018;vision
conf/bmvc/2006;vision
conf/bmvc/2019;vision
conf/bmvc/2015;vision
conf/bmvc/2013;vision
conf/bmvc/2005;vision
conf/bmvc/2012;vision
conf/bmvc/2016;vision
conf/bmvc/2020;vision
conf/avss/2010;vision
conf/avss/2007;vision
conf/avss/2009;vision
conf/avss/2011;vision
conf/avss/2008;vision
conf/avss/2017;vision
conf/avss/2021;vision
conf/avss/2014;vision
conf/avss/2022;vision
conf/avss/2018;vision
conf/avss/2006;vision
conf/avss/2019;vision
conf/avss/2015;vision
conf/avss/2013;vision
conf/avss/2005;vision
conf/avss/2012;vision
conf/avss/2016;vision
conf/aips/2010;ai
conf/aips/2007;ai
conf/aips/2009;ai
conf/aips/2011;ai
conf/aips/2008;ai
conf/aips/2017;ai
conf/aips/2021;ai
conf/aips/2014;ai
conf/aips/2022;ai
conf/aips/2018;ai
conf/aips/2006;ai
conf/aips/2019;ai
conf/aips/2015;ai
conf/aips/2013;ai
conf/aips/2005;ai
conf/aips/2012;ai
conf/aips/2016;ai
conf/aips/2020;ai
conf/aistats/2010;ai
conf/aistats/2007;ai
conf/aistats/2009;ai
conf/aistats/2011;ai
conf/aistats/2017;ai
conf/aistats/2021;ai
conf/aistats/2014;ai
conf/aistats/2022;ai
conf/aistats/2010w;ai
conf/aistats/2018;ai
conf/aistats/2019;ai
conf/aistats/2015;ai
conf/aistats/2013;ai
conf/aistats/2005;ai
conf/aistats/2012;ai
conf/aistats/2016;ai
conf/aistats/2020;ai
conf/ecai/2022pais;ai
conf/ecai/2010;ai
conf/ecai/2010k;ai
conf/ecai/2014cgw;ai
conf/ecai/2016fca4ai;ai
conf/ecai/2008;ai
conf/ecai/2014dare;ai
conf/ecai/2014aiam;ai
conf/ecai/2012kese;ai
conf/ecai/2014kese;ai
conf/ecai/2012eternals;ai
conf/ecai/2014;ai
conf/ecai/2016coredema;ai
conf/ecai/2008pan;ai
conf/ecai/2020nehuai;ai
conf/ecai/2016amilp;ai
conf/ecai/2008ruleapps;ai
conf/ecai/2020mrc;ai
conf/ecai/2012fca4ai;ai
conf/ecai/2020stairs;ai
conf/ecai/2016dare;ai
conf/ecai/2016praise;ai
conf/ecai/2020kdh;ai
conf/ecai/2006;ai
conf/ecai/2020kr4l;ai
conf/ecai/2020adgn;ai
conf/ecai/2020fca4ai;ai
conf/ecai/2016edia;ai
conf/ecai/2016aiiot;ai
conf/ecai/2020att;ai
conf/ecai/2012;ai
conf/ecai/2020aaih4;ai
conf/ecai/2016mmda;ai
conf/ecai/2016;ai
conf/ecai/2014metasel;ai
conf/ecai/2020hi4nlp;ai
conf/ecai/2012ai4km;ai
conf/ecai/2006co;ai
conf/ecai/2020;ai
conf/aies/2021;ai
conf/aies/2022;ai
conf/aies/2018;ai
conf/aies/2019;ai
conf/aies/2020;ai
conf/iui/2010;ai
conf/iui/2019c;ai
conf/iui/2021w;ai
conf/iui/2007;ai
conf/iui/2009;ai
conf/iui/2011;ai
conf/iui/2017smartlearn;ai
conf/iui/2016emovis;ai
conf/iui/2017humanize;ai
conf/iui/2008;ai
conf/iui/2017;ai
conf/iui/2008cskgoi;ai
conf/iui/2021;ai
conf/iui/2017c;ai
conf/iui/2020c;ai
conf/iui/2018w;ai
conf/iui/2014;ai
conf/iui/2017bci;ai
conf/iui/2022;ai
conf/iui/2022c;ai
conf/iui/2017esida;ai
conf/iui/2014c;ai
conf/iui/2022w;ai
conf/iui/2020smartphil;ai
conf/iui/2018c;ai
conf/iui/2018;ai
conf/iui/2006;ai
conf/iui/2019;ai
conf/iui/2015c;ai
conf/iui/2016c;ai
conf/iui/2015patch;ai
conf/iui/2015;ai
conf/iui/2021c;ai
conf/iui/2017smartobject;ai
conf/iui/2020hai;ai
conf/iui/2013;ai
conf/iui/2005;ai
conf/iui/2012;ai
conf/iui/2016;ai
conf/iui/2019w;ai
conf/iui/2020exss;ai
conf/iui/2013c;ai
conf/iui/2020;ai
conf/ivs/2010;ai
conf/ivs/2021w;ai
conf/ivs/2011;ai
conf/ivs/2017;ai
conf/ivs/2021;ai
conf/ivs/2014;ai
conf/ivs/2022;ai
conf/ivs/2018;ai
conf/ivs/2019;ai
conf/ivs/2015;ai
conf/ivs/2013;ai
conf/ivs/2012;ai
conf/ivs/2016;ai
conf/ivs/2020;ai
conf/ai/2010;ai
conf/ai/2007;ai
conf/ai/2009;ai
conf/ai/2011;ai
conf/ai/2008;ai
conf/ai/2017;ai
conf/ai/2021;ai
conf/ai/2014;ai
conf/ai/2022;ai
conf/ai/2018;ai
conf/ai/2006;ai
conf/ai/2019;ai
conf/ai/2015;ai
conf/ai/2013;ai
conf/ai/2005;ai
conf/ai/2012;ai
conf/ai/2016;ai
conf/ai/2020;ai
conf/aaai/2021sdu;ai
conf/aaai/2011learning;ai
conf/aaai/2011plan;ai
conf/aaai/2011aap;ai
conf/aaai/2010middle;ai
conf/aaai/2016ma;ai
conf/aaai/2021safeai;ai
conf/aaai/2016ethics;ai
conf/aaai/2010;ai
conf/aaai/2015assistive;ai
conf/aaai/2015poker;ai
conf/aaai/2021constraint;ai
conf/aaai/2007;ai
conf/aaai/2014stat;ai
conf/aaai/2019affcon;ai
conf/aaai/2011;ai
conf/aaai/2021metadl;ai
conf/aaai/2012mapf;ai
conf/aaai/2008;ai
conf/aaai/2014mpref;ai
conf/aaai/2010stat;ai
conf/aaai/2020affcon;ai
conf/aaai/2017;ai
conf/aaai/2011aarrm;ai
conf/aaai/2015sbd;ai
conf/aaai/2013stat;ai
conf/aaai/2021;ai
conf/aaai/2016health;ai
conf/aaai/2016wwwhi;ai
conf/aaai/2016assistive;ai
conf/aaai/2013space;ai
conf/aaai/2022safeai;ai
conf/aaai/2011cmna;ai
conf/aaai/2010meta;ai
conf/aaai/2018w;ai
conf/aaai/2014;ai
conf/aaai/2016cognitive;ai
conf/aaai/2013learning;ai
conf/aaai/2015robot;ai
conf/aaai/2016trust;ai
conf/aaai/2019safeai;ai
conf/aaai/2016text;ai
conf/aaai/2016grid;ai
conf/aaai/2014maiha;ai
conf/aaai/2022;ai
conf/aaai/2013late;ai
conf/aaai/2013plan;ai
conf/aaai/2010game;ai
conf/aaai/2016data;ai
conf/aaai/2012cogrob;ai
conf/aaai/2022defactify;ai
conf/aaai/2020safeai;ai
conf/aaai/2015transportation;ai
conf/aaai/2010coll;ai
conf/aaai/2015ethics;ai
conf/aaai/2016hybrid;ai
conf/aaai/2017w;ai
conf/aaai/2015cities;ai
conf/aaai/2011visual;ai
conf/aaai/2013trading;ai
conf/aaai/2011cloud;ai
conf/aaai/2019keg;ai
conf/aaai/2018;ai
conf/aaai/2015sustainability;ai
conf/aaai/2006;ai
conf/aaai/2019;ai
conf/aaai/2011am;ai
conf/aaai/2011care;ai
conf/aaai/2016poker;ai
conf/aaai/2015trust;ai
conf/aaai/2022sdu;ai
conf/aaai/2021affcon;ai
conf/aaai/2011acr;ai
conf/aaai/2010recog;ai
conf/aaai/2015;ai
conf/aaai/2016learning;ai
conf/aaai/2010plan;ai
conf/aaai/2011aisl;ai
conf/aaai/2013;ai
conf/aaai/2011hc;ai
conf/aaai/2015aconfig;ai
conf/aaai/2016np;ai
conf/aaai/2005;ai
conf/aaai/2012;ai
conf/aaai/2012cities;ai
conf/aaai/2016;ai
conf/aaai/2011agents;ai
conf/aaai/2015w3phi;ai
conf/aaai/2015games;ai
conf/aaai/2016security;ai
conf/aaai/2011game;ai
conf/aaai/2010visual;ai
conf/aaai/2010abstr;ai
conf/aaai/2020;ai
conf/aamas/2007;ai
conf/aamas/2005;ai
conf/ijcai/2016cmna;ai
conf/ijcai/2018madima;ai
conf/ijcai/2022ebem;ai
conf/ijcai/2021ai4function;ai
conf/ijcai/2017khd;ai
conf/ijcai/2015cgw;ai
conf/ijcai/2016ai4km;ai
conf/ijcai/2019lacatoda;ai
conf/ijcai/2007;ai
conf/ijcai/2009;ai
conf/ijcai/2018aih-s;ai
conf/ijcai/2013cgw;ai
conf/ijcai/2021mrc;ai
conf/ijcai/2011;ai
conf/ijcai/2013udm;ai
conf/ijcai/2017socinf;ai
conf/ijcai/2018ai4km;ai
conf/ijcai/2017ai4km;ai
conf/ijcai/2015dare;ai
conf/ijcai/2017linkdem;ai
conf/ijcai/2019khd;ai
conf/ijcai/2016knowpros;ai
conf/ijcai/2017;ai
conf/ijcai/2020aisafety;ai
conf/ijcai/2009itwp;ai
conf/ijcai/2015ainf;ai
conf/ijcai/2013mlis;ai
conf/ijcai/2015socinf;ai
conf/ijcai/2021;ai
conf/ijcai/2018mrc;ai
conf/ijcai/2018att;ai
conf/ijcai/2021ai4kmes;ai
conf/ijcai/2016bai;ai
conf/ijcai/2018bridging;ai
conf/ijcai/2017affcomp;ai
conf/ijcai/2020ai4narratives;ai
conf/ijcai/2021fca4ai;ai
conf/ijcai/2017cea;ai
conf/ijcai/2018affcomp;ai
conf/ijcai/2005mrc;ai
conf/ijcai/2018aih;ai
conf/ijcai/2022strl;ai
conf/ijcai/2022aisafety;ai
conf/ijcai/2015ai4km;ai
conf/ijcai/2022;ai
conf/ijcai/2015flinai;ai
conf/ijcai/2017caid;ai
conf/ijcai/2013aiip;ai
conf/ijcai/2019fca4ai;ai
conf/ijcai/2017lacatoda;ai
conf/ijcai/2022att;ai
conf/ijcai/2015fca4ai;ai
conf/ijcai/2018lacatoda;ai
conf/ijcai/2019affcomp;ai
conf/ijcai/2011itwp;ai
conf/ijcai/2015jowo;ai
conf/ijcai/2011ldl;ai
conf/ijcai/2016bridging;ai
conf/ijcai/2018;ai
conf/ijcai/2019hbai;ai
conf/ijcai/2019;ai
conf/ijcai/2020ai4function;ai
conf/ijcai/2018fca4ai;ai
conf/ijcai/2016att;ai
conf/ijcai/2007nesy;ai
conf/ijcai/2022fca4ai;ai
conf/ijcai/2018khd;ai
conf/ijcai/2003itwp;ai
conf/ijcai/2018cgw;ai
conf/ijcai/2017cgw;ai
conf/ijcai/2016saaip;ai
conf/ijcai/2015;ai
conf/ijcai/2005at;ai
conf/ijcai/2021aisafety;ai
conf/ijcai/2013;ai
conf/ijcai/2022iarml;ai
conf/ijcai/2017bai;ai
conf/ijcai/2017sml;ai
conf/ijcai/2019ais;ai
conf/ijcai/2005;ai
conf/ijcai/2013fca4ai;ai
conf/ijcai/2016;ai
conf/ijcai/2019w;ai
conf/ijcai/2022cakr;ai
conf/ijcai/2007aitami;ai
conf/ijcai/2016cgw;ai
conf/ijcai/2016socinf;ai
conf/ijcai/2015cpcr;ai
conf/ijcai/2020ai4km;ai
conf/ijcai/2018rtcmas;ai
conf/ijcai/2020;ai
conf/itsc/2010;ai
conf/itsc/2007;ai
conf/itsc/2011;ai
conf/itsc/2008;ai
conf/itsc/2017;ai
conf/itsc/2021;ai
conf/itsc/2014;ai
conf/itsc/2022;ai
conf/itsc/2018;ai
conf/itsc/2006;ai
conf/itsc/2019;ai
conf/itsc/2015;ai
conf/itsc/2013;ai
conf/itsc/2012;ai
conf/itsc/2016;ai
conf/itsc/2020;ai
conf/uai/2010;ai
conf/uai/2015aci;ai
conf/uai/2007;ai
conf/uai/2009;ai
conf/uai/2011;ai
conf/uai/2014bma;ai
conf/uai/2008;ai
conf/uai/2016cfa;ai
conf/uai/2008bma;ai
conf/uai/2017;ai
conf/uai/2021;ai
conf/uai/2013aw;ai
conf/uai/2014;ai
conf/uai/2016bma;ai
conf/uai/2022;ai
conf/uai/2012bma;ai
conf/uai/2018;ai
conf/uai/2006;ai
conf/uai/2019;ai
conf/uai/2007bma;ai
conf/uai/2014ci;ai
conf/uai/2015;ai
conf/uai/2013;ai
conf/uai/2015bma;ai
conf/uai/2005;ai
conf/uai/2012;ai
conf/uai/2016;ai
conf/uai/2020;ai
conf/acl/2011relms;nlp
conf/acl/2007pascal;nlp
conf/acl/2014-d;nlp
conf/acl/2017-2;nlp
conf/acl/2012t;nlp
conf/acl/2010;nlp
conf/acl/2012smiae;nlp
conf/acl/2013-d;nlp
conf/acl/2010nesp;nlp
conf/acl/2014-2;nlp
conf/acl/2018econlp;nlp
conf/acl/2007;nlp
conf/acl/2016-s;nlp
conf/acl/2009;nlp
conf/acl/2020-d;nlp
conf/acl/2014-t;nlp
conf/acl/2017-1;nlp
conf/acl/2011;nlp
conf/acl/2013-s;nlp
conf/acl/2010s;nlp
conf/acl/2013cvsm;nlp
conf/acl/2006ol;nlp
conf/acl/2015-2;nlp
conf/acl/2015-s;nlp
conf/acl/2018-2;nlp
conf/acl/2008;nlp
conf/acl/2017-d;nlp
conf/acl/2005pt;nlp
conf/acl/2011r;nlp
conf/acl/2013-2;nlp
conf/acl/2016-2;nlp
conf/acl/2016am;nlp
conf/acl/2012-1;nlp
conf/acl/2016vl;nlp
conf/acl/2010atanlp;nlp
conf/acl/2013-t;nlp
conf/acl/2012-2;nlp
conf/acl/2022-1;nlp
conf/acl/2010d;nlp
conf/acl/2016-d;nlp
conf/acl/2009-t;nlp
conf/acl/2009d;nlp
conf/acl/2014-s;nlp
conf/acl/2016-1;nlp
conf/acl/2019-3;nlp
conf/acl/2014am;nlp
conf/acl/2008r;nlp
conf/acl/2008setqalnp;nlp
conf/acl/2021f;nlp
conf/acl/2009r;nlp
conf/acl/2014ltcss;nlp
conf/acl/2011d;nlp
conf/acl/2019-4;nlp
conf/acl/2011monolingual;nlp
conf/acl/2012discoveries;nlp
conf/acl/2019-1;nlp
conf/acl/2014-1;nlp
conf/acl/2020-s;nlp
conf/acl/2011s;nlp
conf/acl/2018-4;nlp
conf/acl/2021-2;nlp
conf/acl/2017robonlp;nlp
conf/acl/2022-2;nlp
conf/acl/2021d;nlp
conf/acl/2018-3;nlp
conf/acl/2005emsee;nlp
conf/acl/2009textinfer;nlp
conf/acl/2011t;nlp
conf/acl/2006;nlp
conf/acl/2015-1;nlp
conf/acl/2018-5;nlp
conf/acl/2012exprom;nlp
conf/acl/2010r;nlp
conf/acl/2017-t;nlp
conf/acl/2021-s;nlp
conf/acl/2008t;nlp
conf/acl/2022f;nlp
conf/acl/2018-1;nlp
conf/acl/2015-t;nlp
conf/acl/2005fca;nlp
conf/acl/2018qa;nlp
conf/acl/2019-2;nlp
conf/acl/2013-1;nlp
conf/acl/2008s;nlp
conf/acl/2020-t;nlp
conf/acl/2008d;nlp
conf/acl/2005;nlp
conf/acl/2012d;nlp
conf/acl/2020nuse;nlp
conf/acl/2017-s;nlp
conf/acl/2009s;nlp
conf/acl/2022s;nlp
conf/acl/2022d;nlp
conf/acl/2021-1;nlp
conf/acl/2017news;nlp
conf/acl/2015-d;nlp
conf/acl/2020;nlp
conf/acl/2005ee;nlp
conf/acl/2022-t;nlp
conf/asru/2007;nlp
conf/asru/2009;nlp
conf/asru/2011;nlp
conf/asru/2017;nlp
conf/asru/2021;nlp
conf/asru/2019;nlp
conf/asru/2015;nlp
conf/asru/2013;nlp
conf/interspeech/2010;nlp
conf/interspeech/2007;nlp
conf/interspeech/2009;nlp
conf/interspeech/2011;nlp
conf/interspeech/2008;nlp
conf/interspeech/2017;nlp
conf/interspeech/2015hscr;nlp
conf/interspeech/2021;nlp
conf/interspeech/2014ma3hmi;nlp
conf/interspeech/2014;nlp
conf/interspeech/2022;nlp
conf/interspeech/2014slam;nlp
conf/interspeech/2018;nlp
conf/interspeech/2006;nlp
conf/interspeech/2019;nlp
conf/interspeech/2008sapa;nlp
conf/interspeech/2012sapa;nlp
conf/interspeech/2015;nlp
conf/interspeech/2013;nlp
conf/interspeech/2005;nlp
conf/interspeech/2012;nlp
conf/interspeech/2010sapa;nlp
conf/interspeech/2016;nlp
conf/interspeech/2013slam;nlp
conf/interspeech/2006sapa;nlp
conf/interspeech/2020;nlp
conf/ijcnlp/2017-2;nlp
conf/ijcnlp/2005asian;nlp
conf/ijcnlp/2013healthcare;nlp
conf/ijcnlp/2020-d;nlp
conf/ijcnlp/2017-1;nlp
conf/ijcnlp/2011;nlp
conf/ijcnlp/2022-d;nlp
conf/ijcnlp/2008;nlp
conf/ijcnlp/2017-d;nlp
conf/ijcnlp/2011-d;nlp
conf/ijcnlp/2022-1;nlp
conf/ijcnlp/2011wtim;nlp
conf/ijcnlp/2020-s;nlp
conf/ijcnlp/2005-2;nlp
conf/ijcnlp/2022-2;nlp
conf/ijcnlp/2022-s;nlp
conf/ijcnlp/2017-t;nlp
conf/ijcnlp/2022f;nlp
conf/ijcnlp/2013lpci;nlp
conf/ijcnlp/2013;nlp
conf/ijcnlp/2005;nlp
conf/ijcnlp/2017dddsm;nlp
conf/ijcnlp/2005ontolex;nlp
conf/ijcnlp/2017-st;nlp
conf/ijcnlp/2004;nlp
conf/ijcnlp/2020;nlp
conf/ijcnlp/2011wlr;nlp
conf/cicling/2017-2;nlp
conf/cicling/2010;nlp
conf/cicling/2014-2;nlp
conf/cicling/2007;nlp
conf/cicling/2009;nlp
conf/cicling/2017-1;nlp
conf/cicling/2015-2;nlp
conf/cicling/2008;nlp
conf/cicling/2013-2;nlp
conf/cicling/2016-2;nlp
conf/cicling/2012-1;nlp
conf/cicling/2012-2;nlp
conf/cicling/2016-1;nlp
conf/cicling/2014-1;nlp
conf/cicling/2006;nlp
conf/cicling/2015-1;nlp
conf/cicling/2011-2;nlp
conf/cicling/2013-1;nlp
conf/cicling/2005;nlp
conf/cicling/2011-1;nlp
conf/lrec/2016sideways;nlp
conf/lrec/2010;nlp
conf/lrec/2018bucc;nlp
conf/lrec/2020mmw;nlp
conf/lrec/2020readi;nlp
conf/lrec/2022politicalnlp;nlp
conf/lrec/2008;nlp
conf/lrec/2014;nlp
conf/lrec/2022nlperspectives;nlp
conf/lrec/2010legal;nlp
conf/lrec/2020iwltp;nlp
conf/lrec/2020cllrd;nlp
conf/lrec/2022;nlp
conf/lrec/2020globalex;nlp
conf/lrec/2020clsst;nlp
conf/lrec/2020stoc;nlp
conf/lrec/2018;nlp
conf/lrec/2006;nlp
conf/lrec/2020restup;nlp
conf/lrec/2020lr4sshoc;nlp
conf/lrec/2020rapid;nlp
conf/lrec/2012;nlp
conf/lrec/2016;nlp
conf/lrec/2020lt4gov;nlp
conf/lrec/2020mlbio;nlp
conf/lrec/2020;nlp
conf/eacl/2017-2;nlp
conf/eacl/2009;nlp
conf/eacl/2017-1;nlp
conf/eacl/2012atanlp;nlp
conf/eacl/2017-d;nlp
conf/eacl/2021;nlp
conf/eacl/2014dm;nlp
conf/eacl/2021-d;nlp
conf/eacl/2014;nlp
conf/eacl/2021hackershop;nlp
conf/eacl/2017lsdsem;nlp
conf/eacl/2006;nlp
conf/eacl/2021-s;nlp
conf/eacl/2021-t;nlp
conf/eacl/2010enlg;nlp
conf/eacl/2014hacat;nlp
conf/eacl/2012;nlp
conf/eacl/2006lsi;nlp
conf/eacl/2017-s;nlp
conf/emnlp/2010;nlp
conf/emnlp/2018-d;nlp
conf/emnlp/2007;nlp
conf/emnlp/2009;nlp
conf/emnlp/2020-d;nlp
conf/emnlp/2011;nlp
conf/emnlp/2015lsdsem;nlp
conf/emnlp/2020sdp;nlp
conf/emnlp/2008;nlp
conf/emnlp/2017-d;nlp
conf/emnlp/2017journalism;nlp
conf/emnlp/2017;nlp
conf/emnlp/2019msr;nlp
conf/emnlp/2011ulnlp;nlp
conf/emnlp/2021-d;nlp
conf/emnlp/2018scai;nlp
conf/emnlp/2014;nlp
conf/emnlp/2017nfis;nlp
conf/emnlp/2019-3;nlp
conf/emnlp/2016spnlp;nlp
conf/emnlp/2021f;nlp
conf/emnlp/2017spnlp;nlp
conf/emnlp/2020sustainlp;nlp
conf/emnlp/2019-1;nlp
conf/emnlp/2018blackbox;nlp
conf/emnlp/2020f;nlp
conf/emnlp/2020covid;nlp
conf/emnlp/2019ngt;nlp
conf/emnlp/2017scnlp;nlp
conf/emnlp/2018;nlp
conf/emnlp/2006;nlp
conf/emnlp/2011textinfer;nlp
conf/emnlp/2019lantern;nlp
conf/emnlp/2020-1;nlp
conf/emnlp/2015;nlp
conf/emnlp/2019-2;nlp
conf/emnlp/2013;nlp
conf/emnlp/2017swcm;nlp
conf/emnlp/2021sustainlp;nlp
conf/emnlp/2020-t;nlp
conf/emnlp/2012;nlp
conf/emnlp/2016;nlp
conf/emnlp/2021-1;nlp
conf/ijcnn/2010;ml
conf/ijcnn/2007;ml
conf/ijcnn/2009;ml
conf/ijcnn/2011;ml
conf/ijcnn/2008;ml
conf/ijcnn/2017;ml
conf/ijcnn/2021;ml
conf/ijcnn/2014;ml
conf/ijcnn/2022;ml
conf/ijcnn/2018;ml
conf/ijcnn/2006;ml
conf/ijcnn/2019;ml
conf/ijcnn/2015;ml
conf/ijcnn/2013;ml
conf/ijcnn/2012;ml
conf/ijcnn/2016;ml
conf/ijcnn/2020;ml
conf/mlsp/2011;ml
conf/mlsp/2017;ml
conf/mlsp/2021;ml
conf/mlsp/2014;ml
conf/mlsp/2022;ml
conf/mlsp/2018;ml
conf/mlsp/2019;ml
conf/mlsp/2015;ml
conf/mlsp/2013;ml
conf/mlsp/2012;ml
conf/mlsp/2016;ml
conf/mlsp/2020;ml
conf/improve/2021;ml
conf/improve/2022;ml
conf/naacl/2010mturk;ml
conf/naacl/2010;ml
conf/naacl/2012wlm;ml
conf/naacl/2016sedmt;ml
conf/naacl/2012sdctd;ml
conf/naacl/2007;ml
conf/naacl/2009;ml
conf/naacl/2019-5;ml
conf/naacl/2015clpsych;ml
conf/naacl/2010-t;ml
conf/naacl/2018-2;ml
conf/naacl/2016corbon;ml
conf/naacl/2012aw;ml
conf/naacl/2021;ml
conf/naacl/2012evalmetrics;ml
conf/naacl/2010d;ml
conf/naacl/2009d;ml
conf/naacl/2019-3;ml
conf/naacl/2016s;ml
conf/naacl/2016t;ml
conf/naacl/2015am;ml
conf/naacl/2022;ml
conf/naacl/2019-4;ml
conf/naacl/2022i;ml
conf/naacl/2009sew;ml
conf/naacl/2010y;ml
conf/naacl/2019-1;ml
conf/naacl/2018-4;ml
conf/naacl/2009o;ml
conf/naacl/2021-2;ml
conf/naacl/2013events;ml
conf/naacl/2015vs;ml
conf/naacl/2016clpsych;ml
conf/naacl/2018-3;ml
conf/naacl/2016d;ml
conf/naacl/2006;ml
conf/naacl/2018-5;ml
conf/naacl/2009t;ml
conf/naacl/2010r;ml
conf/naacl/2022f;ml
conf/naacl/2018-1;ml
conf/naacl/2015;ml
conf/naacl/2019-2;ml
conf/naacl/2013;ml
conf/naacl/2005;ml
conf/naacl/2012;ml
conf/naacl/2018-6;ml
conf/naacl/2016;ml
conf/naacl/2021-4;ml
conf/naacl/2021-3;ml
conf/naacl/2009s;ml
conf/naacl/2022s;ml
conf/fgr/2011;ml
conf/fgr/2008;ml
conf/fgr/2017;ml
conf/fgr/2021;ml
conf/fgr/2018;ml
conf/fgr/2006;ml
conf/fgr/2019;ml
conf/fgr/2015;ml
conf/fgr/2013;ml
conf/fgr/2020;ml
conf/pkdd/2019master;ml
conf/pkdd/2014ssdm;ml
conf/pkdd/2017-2;ml
conf/pkdd/2014-2;ml
conf/pkdd/2021mlsa;ml
conf/pkdd/2007;ml
conf/pkdd/2015nfmcp;ml
conf/pkdd/2017-1;ml
conf/pkdd/2015-2;ml
conf/pkdd/2014dmnlp;ml
conf/pkdd/2014ld4kd;ml
conf/pkdd/2020maclean;ml
conf/pkdd/2009-2;ml
conf/pkdd/2018-2;ml
conf/pkdd/2015dare;ml
conf/pkdd/2017iotstreaming;ml
conf/pkdd/2012muse;ml
conf/pkdd/2018ial;ml
conf/pkdd/2020-4;ml
conf/pkdd/2014dare;ml
conf/pkdd/2014dynak;ml
conf/pkdd/2020-3;ml
conf/pkdd/2012sdad;ml
conf/pkdd/2008-1;ml
conf/pkdd/2013-2;ml
conf/pkdd/2021mlsmkg;ml
conf/pkdd/2016-2;ml
conf/pkdd/2016nfmcp;ml
conf/pkdd/2017mlsa;ml
conf/pkdd/2019-w1;ml
conf/pkdd/2018dare;ml
conf/pkdd/2012-1;ml
conf/pkdd/2019aaltd;ml
conf/pkdd/2012nfmcp;ml
conf/pkdd/2017midas;ml
conf/pkdd/2020chat;ml
conf/pkdd/2018nemesis;ml
conf/pkdd/2014-3;ml
conf/pkdd/2019nfmcp;ml
conf/pkdd/2012-2;ml
conf/pkdd/2016sogood;ml
conf/pkdd/2010-2;ml
conf/pkdd/2008fsdm;ml
conf/pkdd/2013nfmcp;ml
conf/pkdd/2010dynak;ml
conf/pkdd/2020-5;ml
conf/pkdd/2016-1;ml
conf/pkdd/2013muse;ml
conf/pkdd/2020aaltd;ml
conf/pkdd/2019-3;ml
conf/pkdd/2020mlsa;ml
conf/pkdd/2013mlsa;ml
conf/pkdd/2009-1;ml
conf/pkdd/2015aaltd;ml
conf/pkdd/2016dmnlp;ml
conf/pkdd/2010psdml;ml
conf/pkdd/2013-3;ml
conf/pkdd/2018midas;ml
conf/pkdd/2018iotstreaming;ml
conf/pkdd/2016midas;ml
conf/pkdd/2014muse;ml
conf/pkdd/2017tdlsg;ml
conf/pkdd/2008-2;ml
conf/pkdd/2019-1;ml
conf/pkdd/2014-1;ml
conf/pkdd/2017lidta;ml
conf/pkdd/2018mlsa;ml
conf/pkdd/2011-3;ml
conf/pkdd/2010-3;ml
conf/pkdd/2020midas;ml
conf/pkdd/2021-2;ml
conf/pkdd/2017ial;ml
conf/pkdd/2016mlsa;ml
conf/pkdd/2017-3;ml
conf/pkdd/2015dmnlp;ml
conf/pkdd/2018-3;ml
conf/pkdd/2016dare;ml
conf/pkdd/2017nfmcp;ml
conf/pkdd/2019midas;ml
conf/pkdd/2021ial;ml
conf/pkdd/2016-3;ml
conf/pkdd/2017dc;ml
conf/pkdd/2006;ml
conf/pkdd/2015-1;ml
conf/pkdd/2021-w1;ml
conf/pkdd/2016streamevolv;ml
conf/pkdd/2015muse;ml
conf/pkdd/2019-w2;ml
conf/pkdd/2017automl;ml
conf/pkdd/2020-1;ml
conf/pkdd/2018lidta;ml
conf/pkdd/2015aaltdX;ml
conf/pkdd/2018-1;ml
conf/pkdd/2015dc;ml
conf/pkdd/2020-w;ml
conf/pkdd/2019-2;ml
conf/pkdd/2010-1;ml
conf/pkdd/2021-w2;ml
conf/pkdd/2011-2;ml
conf/pkdd/2013-1;ml
conf/pkdd/2017dare;ml
conf/pkdd/2015metasel;ml
conf/pkdd/2005;ml
conf/pkdd/2020iotstreams;ml
conf/pkdd/2015-3;ml
conf/pkdd/2020ial;ml
conf/pkdd/2018mlsa2;ml
conf/pkdd/2021-4;ml
conf/pkdd/2014nfmcp;ml
conf/pkdd/2021-3;ml
conf/pkdd/2021-5;ml
conf/pkdd/2022ial;ml
conf/pkdd/2017pap;ml
conf/pkdd/2021-1;ml
conf/pkdd/2015mlsa;ml
conf/pkdd/2011-1;ml
conf/pkdd/2009dc;ml
conf/pkdd/2020-2;ml
conf/pkdd/2019maclean;ml
conf/colt/2010;ml
conf/colt/2007;ml
conf/colt/2009;ml
conf/colt/2011;ml
conf/colt/2008;ml
conf/colt/2017;ml
conf/colt/2021;ml
conf/colt/2014;ml
conf/colt/2022;ml
conf/colt/2018;ml
conf/colt/2006;ml
conf/colt/2019;ml
conf/colt/2015;ml
conf/colt/2013;ml
conf/colt/2005;ml
conf/colt/2012;ml
conf/colt/2016;ml
conf/colt/2020;ml
conf/nips/2019vigil;ml
conf/nips/2010;ml
conf/nips/2019demo;ml
conf/nips/2011mlini;ml
conf/nips/2007;ml
conf/nips/2009;ml
conf/nips/2009mscts;ml
conf/nips/2020csw;ml
conf/nips/2011;ml
conf/nips/2015coco;ml
conf/nips/2015fe;ml
conf/nips/2008;ml
conf/nips/2017;ml
conf/nips/2021;ml
conf/nips/2019emc2;ml
conf/nips/2014mlini;ml
conf/nips/2019ml4h;ml
conf/nips/2014;ml
conf/nips/2016tsw;ml
conf/nips/2021db;ml
conf/nips/2016coco;ml
conf/nips/2021demo;ml
conf/nips/2016idm;ml
conf/nips/2020ml4h;ml
conf/nips/2020demo;ml
conf/nips/2018;ml
conf/nips/2006;ml
conf/nips/2019;ml
conf/nips/2014hepml;ml
conf/nips/2015;ml
conf/nips/2013;ml
conf/nips/2005;ml
conf/nips/2012;ml
conf/nips/2008coa;ml
conf/nips/2016;ml
conf/nips/2020;ml
conf/dmbd/2017;ml
conf/dmbd/2021-2;ml
conf/dmbd/2018;ml
conf/dmbd/2019;ml
conf/dmbd/2016;ml
conf/dmbd/2021-1;ml
conf/dmbd/2020;ml
conf/pakdd/2017-2;ml
conf/pakdd/2010fsdm;ml
conf/pakdd/2014-2;ml
conf/pakdd/2007;ml
conf/pakdd/2009;ml
conf/pakdd/2017-1;ml
conf/pakdd/2015-2;ml
conf/pakdd/2018-2;ml
conf/pakdd/2012-w;ml
conf/pakdd/2008;ml
conf/pakdd/2006biodm;ml
conf/pakdd/2013-2;ml
conf/pakdd/2016-2;ml
conf/pakdd/2006kdll;ml
conf/pakdd/2012-1;ml
conf/pakdd/2015-w;ml
conf/pakdd/2012-2;ml
conf/pakdd/2022-1;ml
conf/pakdd/2010-2;ml
conf/pakdd/2016-1;ml
conf/pakdd/2019-3;ml
conf/pakdd/2013bsi;ml
conf/pakdd/2021-w;ml
conf/pakdd/2009w;ml
conf/pakdd/2019-1;ml
conf/pakdd/2014-1;ml
conf/pakdd/2007w;ml
conf/pakdd/2021-2;ml
conf/pakdd/2022-2;ml
conf/pakdd/2018-3;ml
conf/pakdd/2016-w;ml
conf/pakdd/2008w;ml
conf/pakdd/2006;ml
conf/pakdd/2015-1;ml
conf/pakdd/2019-w;ml
conf/pakdd/2013-w;ml
conf/pakdd/2014-w;ml
conf/pakdd/2022-3;ml
conf/pakdd/2020-1;ml
conf/pakdd/2018-1;ml
conf/pakdd/2019-2;ml
conf/pakdd/2010-1;ml
conf/pakdd/2011-2;ml
conf/pakdd/2017-w;ml
conf/pakdd/2013-1;ml
conf/pakdd/2005;ml
conf/pakdd/2018-w;ml
conf/pakdd/2007dmbiz;ml
conf/pakdd/2011-w;ml
conf/pakdd/2021-3;ml
conf/pakdd/2021-1;ml
conf/pakdd/2011-1;ml
conf/pakdd/2020-2;ml
conf/icdar/2017hip;ml
conf/icdar/2007;ml
conf/icdar/2009;ml
conf/icdar/2013afha;ml
conf/icdar/2019iwcdf;ml
conf/icdar/2019wiadar;ml
conf/icdar/2019grec;ml
conf/icdar/2017mocr;ml
conf/icdar/2011;ml
conf/icdar/2011afha;ml
conf/icdar/2017grec;ml
conf/icdar/2017cbdar;ml
conf/icdar/2017;ml
conf/icdar/2013hip;ml
conf/icdar/2009mocr;ml
conf/icdar/2019hip;ml
conf/icdar/2019wml;ml
conf/icdar/2021w-1;ml
conf/icdar/2021w-2;ml
conf/icdar/2017ost;ml
conf/icdar/2019ost;ml
conf/icdar/2011hip;ml
conf/icdar/2013mocr;ml
conf/icdar/2015hip;ml
conf/icdar/2021hip;ml
conf/icdar/2017manpu;ml
conf/icdar/2019asar;ml
conf/icdar/2017iwcdf;ml
conf/icdar/2017hdi;ml
conf/icdar/2019hdi;ml
conf/icdar/2021-2;ml
conf/icdar/2017wml;ml
conf/icdar/2019;ml
conf/icdar/2015;ml
conf/icdar/2013;ml
conf/icdar/2005;ml
conf/icdar/2021-4;ml
conf/icdar/2021-3;ml
conf/icdar/2021-1;ml
conf/icdar/2019cbdar;ml
conf/recsys/2010;ml
conf/recsys/2018challenge;ml
conf/recsys/2022intrs;ml
conf/recsys/2017healthrecsys;ml
conf/recsys/2017citrec;ml
conf/recsys/2017ktl;ml
conf/recsys/2019impactrs;ml
conf/recsys/2007;ml
conf/recsys/2009;ml
conf/recsys/2020challenge;ml
conf/recsys/2020ci;ml
conf/recsys/2011;ml
conf/recsys/2016rectour;ml
conf/recsys/2020intrs;ml
conf/recsys/2018healthrecsys;ml
conf/recsys/2022rectour;ml
conf/recsys/2015inra;ml
conf/recsys/2013decisions;ml
conf/recsys/2014cbrecsys;ml
conf/recsys/2008;ml
conf/recsys/2019intrs;ml
conf/recsys/2011hetrec;ml
conf/recsys/2019challenge;ml
conf/recsys/2017;ml
conf/recsys/2018intrs;ml
conf/recsys/2020ohars;ml
conf/recsys/2021;ml
conf/recsys/2013repsys;ml
conf/recsys/2017rectemp;ml
conf/recsys/2014;ml
conf/recsys/2018rectour;ml
conf/recsys/2016challenge;ml
conf/recsys/2017dlrs;ml
conf/recsys/2021challenge;ml
conf/recsys/2019inra;ml
conf/recsys/2022;ml
conf/recsys/2012rue;ml
conf/recsys/2021intrs;ml
conf/recsys/2017intrs;ml
conf/recsys/2016p;ml
conf/recsys/2017p;ml
conf/recsys/2018kars;ml
conf/recsys/2015localrec;ml
conf/recsys/2014rsweb;ml
conf/recsys/2020orsum;ml
conf/recsys/2019complexrec;ml
conf/recsys/2021kars;ml
conf/recsys/2010recsystel;ml
conf/recsys/2015challenge;ml
conf/recsys/2019orsum;ml
conf/recsys/2018;ml
conf/recsys/2015empire;ml
conf/recsys/2016intrs;ml
conf/recsys/2019;ml
conf/recsys/2013rsweb;ml
conf/recsys/2012decisions;ml
conf/recsys/2018dlrs;ml
conf/recsys/2011divers;ml
conf/recsys/2017complexrec;ml
conf/recsys/2022perspectives;ml
conf/recsys/2012rsweb;ml
conf/recsys/2016cbrecsys;ml
conf/recsys/2015;ml
conf/recsys/2019lbr;ml
conf/recsys/2010prsat;ml
conf/recsys/2016dlrs;ml
conf/recsys/2013;ml
conf/recsys/2021perspectives;ml
conf/recsys/2022mors;ml
conf/recsys/2019rmse;ml
conf/recsys/2017rectour;ml
conf/recsys/2021inra;ml
conf/recsys/2020healthrecsys;ml
conf/recsys/2021mors;ml
conf/recsys/2019healthrecsys;ml
conf/recsys/2012;ml
conf/recsys/2010hetrec;ml
conf/recsys/2014p;ml
conf/recsys/2016;ml
conf/recsys/2015p;ml
conf/recsys/2015intrs;ml
conf/recsys/2016empire;ml
conf/recsys/2015cbrecsys;ml
conf/recsys/2020;ml
conf/mlmta/2007;ml
conf/mlmta/2006;ml
conf/mlmta/2005;ml
conf/acml/2010;ml
conf/acml/2009;ml
conf/acml/2011;ml
conf/acml/2017;ml
conf/acml/2021;ml
conf/acml/2014;ml
conf/acml/2018;ml
conf/acml/2019;ml
conf/acml/2015;ml
conf/acml/2013;ml
conf/acml/2012;ml
conf/acml/2016;ml
conf/acml/2020;ml
conf/icml/2010;ml
conf/icml/2010ltr;ml
conf/icml/2007;ml
conf/icml/2009;ml
conf/icml/2016automl;ml
conf/icml/2011;ml
conf/icml/2011otee;ml
conf/icml/2015mlis;ml
conf/icml/2008;ml
conf/icml/2015mud;ml
conf/icml/2015mlmmi;ml
conf/icml/2020xxai;ml
conf/icml/2017;ml
conf/icml/2021;ml
conf/icml/2014;ml
conf/icml/2006sna;ml
conf/icml/2022;ml
conf/icml/2011utl;ml
conf/icml/2018;ml
conf/icml/2006;ml
conf/icml/2019;ml
conf/icml/2015;ml
conf/icml/2013;ml
conf/icml/2005;ml
conf/icml/2012;ml
conf/icml/2016;ml
conf/icml/2020;ml
conf/iclr/2014w;ml
conf/iclr/2017;ml
conf/iclr/2021;ml
conf/iclr/2018w;ml
conf/iclr/2014;ml
conf/iclr/2019rml;ml
conf/iclr/2022;ml
conf/iclr/2019dgs;ml
conf/iclr/2019drlsp;ml
conf/iclr/2017w;ml
conf/iclr/2018;ml
conf/iclr/2019;ml
conf/iclr/2015w;ml
conf/iclr/2015;ml
conf/iclr/2013;ml
conf/iclr/2016;ml
conf/iclr/2013w;ml
conf/iclr/2020;ml
conf/icde/2010;ml
conf/icde/2014w;ml
conf/icde/2021w;ml
conf/icde/2007;ml
conf/icde/2009;ml
conf/icde/2011;ml
conf/icde/2008;ml
conf/icde/2017;ml
conf/icde/2005w;ml
conf/icde/2021;ml
conf/icde/2018w;ml
conf/icde/2014;ml
conf/icde/2016w;ml
conf/icde/2020w;ml
conf/icde/2022;ml
conf/icde/2010w;ml
conf/icde/2011w;ml
conf/icde/2007w;ml
conf/icde/2022w;ml
conf/icde/2018;ml
conf/icde/2008w;ml
conf/icde/2006;ml
conf/icde/2006w;ml
conf/icde/2019;ml
conf/icde/2015w;ml
conf/icde/2012w;ml
conf/icde/2015;ml
conf/icde/2013;ml
conf/icde/2005;ml
conf/icde/2012;ml
conf/icde/2016;ml
conf/icde/2019w;ml
conf/icde/2013w;ml
conf/icde/2020;ml
conf/kdd/2009u;ml
conf/kdd/2014adkdd;ml
conf/kdd/2010;ml
conf/kdd/2009dmmt;ml
conf/kdd/2008sensor;ml
conf/kdd/2007;ml
conf/kdd/2009;ml
conf/kdd/2005mdm;ml
conf/kdd/2011;ml
conf/kdd/2009adkdd;ml
conf/kdd/2008;ml
conf/kdd/2005link;ml
conf/kdd/2013kddcup;ml
conf/kdd/2017;ml
conf/kdd/2013idea;ml
conf/kdd/2008sna;ml
conf/kdd/2021;ml
conf/kdd/2011kddcup;ml
conf/kdd/2021cd;ml
conf/kdd/2020nllp;ml
conf/kdd/2018cd;ml
conf/kdd/2014;ml
conf/kdd/2017adkdd;ml
conf/kdd/2019bigmine;ml
conf/kdd/2014sna;ml
conf/kdd/2011bio;ml
conf/kdd/2022;ml
conf/kdd/2009sensor;ml
conf/kdd/2012swmi;ml
conf/kdd/2009vakd;ml
conf/kdd/2013bio;ml
conf/kdd/2019di2kg;ml
conf/kdd/2014bigmine;ml
conf/kdd/2013sna;ml
conf/kdd/2012urbcomp;ml
conf/kdd/2007web;ml
conf/kdd/2020kiml;ml
conf/kdd/2021dash;ml
conf/kdd/2004web;ml
conf/kdd/2017adf;ml
conf/kdd/2016bigmine;ml
conf/kdd/2012bigmine;ml
conf/kdd/2007pin;ml
conf/kdd/2005bio;ml
conf/kdd/2020dash;ml
conf/kdd/2009hcomp;ml
conf/kdd/2009csi;ml
conf/kdd/2005web;ml
conf/kdd/2018umcit;ml
conf/kdd/2020cd;ml
conf/kdd/2018;ml
conf/kdd/2019cd;ml
conf/kdd/2006;ml
conf/kdd/2006web;ml
conf/kdd/2019;ml
conf/kdd/2017mih;ml
conf/kdd/2013mdm;ml
conf/kdd/2015bigmine;ml
conf/kdd/2013urbcomp;ml
conf/kdd/2013wisdom;ml
conf/kdd/2015;ml
conf/kdd/2008pin;ml
conf/kdd/2009sna;ml
conf/kdd/2013;ml
conf/kdd/2009kddcup;ml
conf/kdd/2005;ml
conf/kdd/2012;ml
conf/kdd/2013bigmine;ml
conf/kdd/2016;ml
conf/kdd/2020converse;ml
conf/kdd/2012bio;ml
conf/kdd/2009srb;ml
conf/kdd/2010soma;ml
conf/kdd/2020;ml
conf/slt/2010;ml
conf/slt/2008;ml
conf/slt/2021;ml
conf/slt/2014;ml
conf/slt/2018;ml
conf/slt/2006;ml
conf/slt/2012;ml
conf/slt/2016;ml
conf/iccpr/2021;ml
conf/iccpr/2019;ml
conf/iccpr/2020;ml
conf/miccai/2012col;ml
conf/miccai/2021kits;ml
conf/miccai/2020tia;ml
conf/miccai/2019stacom;ml
conf/miccai/2021asmus;ml
conf/miccai/2017-2;ml
conf/miccai/2012mlmi;ml
conf/miccai/2015aecai;ml
conf/miccai/2019imimic;ml
conf/miccai/2020-6;ml
conf/miccai/2019sashimi;ml
conf/miccai/2022amai;ml
conf/miccai/2014mcv;ml
conf/miccai/2021mlcds;ml
conf/miccai/2014-2;ml
conf/miccai/2018compay;ml
conf/miccai/2020emidec;ml
conf/miccai/2019omia;ml
conf/miccai/2018grail;ml
conf/miccai/2018mski;ml
conf/miccai/2020unsure;ml
conf/miccai/2012mbia;ml
conf/miccai/2020autoimplant;ml
conf/miccai/2019mbia;ml
conf/miccai/2016sesami;ml
conf/miccai/2017patchmi;ml
conf/miccai/2019csi;ml
conf/miccai/2022caption;ml
conf/miccai/2018patchmi;ml
conf/miccai/2013col;ml
conf/miccai/2019-5;ml
conf/miccai/2017-1;ml
conf/miccai/2022prime;ml
conf/miccai/2021mlmi;ml
conf/miccai/2013mlmi;ml
conf/miccai/2018shapemi;ml
conf/miccai/2016sashimi;ml
conf/miccai/2015-2;ml
conf/miccai/2022imimic;ml
conf/miccai/2020mlmi;ml
conf/miccai/2016rambo;ml
conf/miccai/2011mlmi;ml
conf/miccai/2021dgm4miccai;ml
conf/miccai/2016brainles;ml
conf/miccai/2022mlcn;ml
conf/miccai/2009-2;ml
conf/miccai/2018-2;ml
conf/miccai/2013clip;ml
conf/miccai/2015mlmi;ml
conf/miccai/2020sashimi;ml
conf/miccai/2020-4;ml
conf/miccai/2012aecai;ml
conf/miccai/2018cvii;ml
conf/miccai/2018csi;ml
conf/miccai/2012stacom;ml
conf/miccai/2015brainles;ml
conf/miccai/2014aecai;ml
conf/miccai/2020-3;ml
conf/miccai/2022asmus;ml
conf/miccai/2008-1;ml
conf/miccai/2013-2;ml
conf/miccai/2021midog;ml
conf/miccai/2016-2;ml
conf/miccai/2017cmmi;ml
conf/miccai/2017fifi;ml
conf/miccai/2019mmmi;ml
conf/miccai/2022mmmi;ml
conf/miccai/2022cmmca;ml
conf/miccai/2015csi;ml
conf/miccai/2017stacom;ml
conf/miccai/2012-1;ml
conf/miccai/2019clip;ml
conf/miccai/2016mcv;ml
conf/miccai/2019mlmech;ml
conf/miccai/2017grail;ml
conf/miccai/2012clip;ml
conf/miccai/2014-3;ml
conf/miccai/2021-7;ml
conf/miccai/2014stia;ml
conf/miccai/2019labels;ml
conf/miccai/2012-2;ml
conf/miccai/2012mcbr;ml
conf/miccai/2020c;ml
conf/miccai/2015patchmi;ml
conf/miccai/2018mlcn;ml
conf/miccai/2012mesh;ml
conf/miccai/2013mbia;ml
conf/miccai/2006-2;ml
conf/miccai/2022-1;ml
conf/miccai/2010-2;ml
conf/miccai/2021prime;ml
conf/miccai/2007-1;ml
conf/miccai/2022-5;ml
conf/miccai/2014clip;ml
conf/miccai/2018dlmia;ml
conf/miccai/2021unsure;ml
conf/miccai/2016patchmi;ml
conf/miccai/2005-1;ml
conf/miccai/2020-5;ml
conf/miccai/2019airt;ml
conf/miccai/2016-1;ml
conf/miccai/2021hecktor;ml
conf/miccai/2021mlmir;ml
conf/miccai/2019-3;ml
conf/miccai/2016csi;ml
conf/miccai/2015mcv;ml
conf/miccai/2021imimic;ml
conf/miccai/2020asmus;ml
conf/miccai/2017sashimi;ml
conf/miccai/2021omia;ml
conf/miccai/2022pippi;ml
conf/miccai/2019-6;ml
conf/miccai/2018mlmi;ml
conf/miccai/2016mlmi;ml
conf/miccai/2009-1;ml
conf/miccai/2020prime;ml
conf/miccai/2022unsure;ml
conf/miccai/2014stacom;ml
conf/miccai/2013-3;ml
conf/miccai/2019glmi;ml
conf/miccai/2021autoimplant;ml
conf/miccai/2020omia;ml
conf/miccai/2019prime;ml
conf/miccai/2019mlmir;ml
conf/miccai/2021sashimi;ml
conf/miccai/2022aiima;ml
conf/miccai/2010pci;ml
conf/miccai/2019mlmi;ml
conf/miccai/2019-4;ml
conf/miccai/2022-4;ml
conf/miccai/2022-6;ml
conf/miccai/2018prime;ml
conf/miccai/2021cdmri;ml
conf/miccai/2020dart;ml
conf/miccai/2016clip;ml
conf/miccai/2017cni;ml
conf/miccai/2017mlmi;ml
conf/miccai/2008-2;ml
conf/miccai/2016labels;ml
conf/miccai/2018brainles-2;ml
conf/miccai/2022dgm;ml
conf/miccai/2019-1;ml
conf/miccai/2014-1;ml
conf/miccai/2011mbia;ml
conf/miccai/2022omia;ml
conf/miccai/2009mcbr;ml
conf/miccai/2010stacom;ml
conf/miccai/2013aecai;ml
conf/miccai/2011col;ml
conf/miccai/2010mlmi;ml
conf/miccai/2011-3;ml
conf/miccai/2010-3;ml
conf/miccai/2012mcv;ml
conf/miccai/2012-3;ml
conf/miccai/2018-4;ml
conf/miccai/2021-2;ml
conf/miccai/2006-1;ml
conf/miccai/2005-2;ml
conf/miccai/2022-2;ml
conf/miccai/2014mlmi;ml
conf/miccai/2017-3;ml
conf/miccai/2021-6;ml
conf/miccai/2020mlmir;ml
conf/miccai/2017bivpcs;ml
conf/miccai/2016care;ml
conf/miccai/2018-3;ml
conf/miccai/2022mlmir;ml
conf/miccai/2019cni;ml
conf/miccai/2019mlcn;ml
conf/miccai/2015stacom;ml
conf/miccai/2018pocus;ml
conf/miccai/2022milland;ml
conf/miccai/2010mcv;ml
conf/miccai/2016-3;ml
conf/miccai/2007-2;ml
conf/miccai/2015-1;ml
conf/miccai/2010col;ml
conf/miccai/2019abcd-np;ml
conf/miccai/2018brainles-1;ml
conf/miccai/2018sashimi;ml
conf/miccai/2011aecai;ml
conf/miccai/2022sashimi;ml
conf/miccai/2022-3;ml
conf/miccai/2017brainles;ml
conf/miccai/2018or;ml
conf/miccai/2018rambo;ml
conf/miccai/2019susi;ml
conf/miccai/2017care;ml
conf/miccai/2016stacom;ml
conf/miccai/2020-1;ml
conf/miccai/2011pci;ml
conf/miccai/2018-1;ml
conf/miccai/2013cdmri;ml
conf/miccai/2020imimic;ml
conf/miccai/2018samba;ml
conf/miccai/2012stia;ml
conf/miccai/2020hecktor;ml
conf/miccai/2018cni;ml
conf/miccai/2019rnoai;ml
conf/miccai/2014abdi;ml
conf/miccai/2019-2;ml
conf/miccai/2018datra;ml
conf/miccai/2015care;ml
conf/miccai/2010-1;ml
conf/miccai/2022-8;ml
conf/miccai/2021dart;ml
conf/miccai/2020cada;ml
conf/miccai/2011-2;ml
conf/miccai/2021dfuc;ml
conf/miccai/2011stacom;ml
conf/miccai/2013-1;ml
conf/miccai/2017cvii;ml
conf/miccai/2013mcv;ml
conf/miccai/2022remia;ml
conf/miccai/2017mski;ml
conf/miccai/2022-7;ml
conf/miccai/2022decaf;ml
conf/miccai/2022dart;ml
conf/miccai/2015-3;ml
conf/miccai/2018mlmir;ml
conf/miccai/2020-7;ml
conf/miccai/2020myops;ml
conf/miccai/2017dlmia;ml
conf/miccai/2022movi;ml
conf/miccai/2021mlcn;ml
conf/miccai/2022dali;ml
conf/miccai/2013stacom;ml
conf/miccai/2021-4;ml
conf/miccai/2019dart;ml
conf/miccai/2015clip;ml
conf/miccai/2021-3;ml
conf/miccai/2021-5;ml
conf/miccai/2014care;ml
conf/miccai/2021-1;ml
conf/miccai/2020shapemi;ml
conf/miccai/2020mlcn;ml
conf/miccai/2011-1;ml
conf/miccai/2020mlcds;ml
conf/miccai/2020-2;ml
conf/miccai/2011mcbr;ml
conf/miccai/2018stacom;ml
conf/miccai/2021-8;ml
conf/mod/2017;ml
conf/mod/2021-2;ml
conf/mod/2018;ml
conf/mod/2019;ml
conf/mod/2020-1;ml
conf/mod/2015;ml
conf/mod/2016;ml
conf/mod/2021-1;ml
conf/mod/2020-2;ml
conf/cikm/2007pikm;ir
conf/cikm/2013unlp;ir
conf/cikm/2011pair;ir
conf/cikm/2015pikm;ir
conf/cikm/2013compsci;ir
conf/cikm/2010;ir
conf/cikm/2013clouddb;ir
conf/cikm/2021w;ir
conf/cikm/2016fm4m;ir
conf/cikm/2007;ir
conf/cikm/2009;ir
conf/cikm/2013webkr;ir
conf/cikm/2013dubmod;ir
conf/cikm/2011;ir
conf/cikm/2010pair;ir
conf/cikm/2012shb;ir
conf/cikm/2009dsmm;ir
conf/cikm/2013ueo;ir
conf/cikm/2009pavlad;ir
conf/cikm/2008;ir
conf/cikm/2008pair;ir
conf/cikm/2012dubmmsm;ir
conf/cikm/2020datamod;ir
conf/cikm/2015esair;ir
conf/cikm/2017;ir
conf/cikm/2013plead;ir
conf/cikm/2008inews;ir
conf/cikm/2016cybersafety;ir
conf/cikm/2012webkr;ir
conf/cikm/2021;ir
conf/cikm/2014dubmod;ir
conf/cikm/2013dtmbio;ir
conf/cikm/2009dtmbio;ir
conf/cikm/2018w;ir
conf/cikm/2005p2pir;ir
conf/cikm/2014;ir
conf/cikm/2009tsa;ir
conf/cikm/2014psbd;ir
conf/cikm/2013esair;ir
conf/cikm/2012dtmbio;ir
conf/cikm/2010books;ir
conf/cikm/2012books;ir
conf/cikm/2020w;ir
conf/cikm/2022;ir
conf/cikm/2014pikm;ir
conf/cikm/2008lsdsir;ir
conf/cikm/2009cnikm;ir
conf/cikm/2009pair;ir
conf/cikm/2011esair;ir
conf/cikm/2015lsdsir;ir
conf/cikm/2008books;ir
conf/cikm/2008dtmbio;ir
conf/cikm/2013pikm;ir
conf/cikm/2015tm;ir
conf/cikm/2008ssm;ir
conf/cikm/2011desire;ir
conf/cikm/2011pikm;ir
conf/cikm/2006p2pir;ir
conf/cikm/2013livinglab;ir
conf/cikm/2010clouddb;ir
conf/cikm/2008pikm;ir
conf/cikm/2014esair;ir
conf/cikm/2009swsm;ir
conf/cikm/2015ucui;ir
conf/cikm/2009clouddb;ir
conf/cikm/2018;ir
conf/cikm/2008onisw;ir
conf/cikm/2006;ir
conf/cikm/2011books;ir
conf/cikm/2019;ir
conf/cikm/2016dsmm;ir
conf/cikm/2010esair;ir
conf/cikm/2012esair;ir
conf/cikm/2012pikm;ir
conf/cikm/2014webkr;ir
conf/cikm/2012plead;ir
conf/cikm/2011smuc;ir
conf/cikm/2012mixhs;ir
conf/cikm/2015;ir
conf/cikm/2019kars;ir
conf/cikm/2013;ir
conf/cikm/2010smuc;ir
conf/cikm/2012clouddb;ir
conf/cikm/2014dtmbio;ir
conf/cikm/2005;ir
conf/cikm/2012;ir
conf/cikm/2005kras;ir
conf/cikm/2015dtmbio;ir
conf/cikm/2016;ir
conf/cikm/2015ecol;ir
conf/cikm/2008wicow;ir
conf/cikm/2013akbc;ir
conf/cikm/2007cims;ir
conf/cikm/2013dare;ir
conf/cikm/2015nwsearch;ir
conf/cikm/2010pikm;ir
conf/cikm/2020;ir
conf/isita/2010;ir
conf/isita/2014;ir
conf/isita/2018;ir
conf/isita/2012;ir
conf/isita/2016;ir
conf/isita/2020;ir
conf/sigir/2012osir;ir
conf/sigir/2018ecom;ir
conf/sigir/2010;ir
conf/sigir/2014somera;ir
conf/sigir/2017ecom;ir
conf/sigir/2007;ir
conf/sigir/2009;ir
conf/sigir/2011;ir
conf/sigir/2019ecom;ir
conf/sigir/2016gamifir;ir
conf/sigir/2017birndl2;ir
conf/sigir/2019newsir;ir
conf/sigir/2008;ir
conf/sigir/2017;ir
conf/sigir/2014pir;ir
conf/sigir/2008and;ir
conf/sigir/2021;ir
conf/sigir/2017kg4ir;ir
conf/sigir/2014medir;ir
conf/sigir/2014;ir
conf/sigir/2019birndl;ir
conf/sigir/2016sal;ir
conf/sigir/2022;ir
conf/sigir/2007pan;ir
conf/sigir/2020birds;ir
conf/sigir/2009uiir;ir
conf/sigir/2018profs;ir
conf/sigir/2018;ir
conf/sigir/2006;ir
conf/sigir/2019;ir
conf/sigir/2010lsdsir;ir
conf/sigir/2018birndl;ir
conf/sigir/2015sps;ir
conf/sigir/2014erd;ir
conf/sigir/2015;ir
conf/sigir/2017birndl;ir
conf/sigir/2014smir;ir
conf/sigir/2013;ir
conf/sigir/2015gsb;ir
conf/sigir/2005;ir
conf/sigir/2012;ir
conf/sigir/2019osirrc;ir
conf/sigir/2016;ir
conf/sigir/2009lsdsir;ir
conf/sigir/2020;ir
conf/sdm/2010;ir
conf/sdm/2007;ir
conf/sdm/2009;ir
conf/sdm/2011;ir
conf/sdm/2008;ir
conf/sdm/2017;ir
conf/sdm/2021;ir
conf/sdm/2014;ir
conf/sdm/2022;ir
conf/sdm/2018;ir
conf/sdm/2006;ir
conf/sdm/2019;ir
conf/sdm/2015;ir
conf/sdm/2018cost;ir
conf/sdm/2019edml;ir
conf/sdm/2013;ir
conf/sdm/2005;ir
conf/sdm/2012;ir
conf/sdm/2016;ir
conf/sdm/2020;ir
conf/cidr/2007;ir
conf/cidr/2009;ir
conf/cidr/2011;ir
conf/cidr/2017;ir
conf/cidr/2021;ir
conf/cidr/2022;ir
conf/cidr/2019;ir
conf/cidr/2015;ir
conf/cidr/2013;ir
conf/cidr/2005;ir
conf/cidr/2020;ir
conf/ismir/2010;ir
conf/ismir/2007;ir
conf/ismir/2009;ir
conf/ismir/2011;ir
conf/ismir/2008;ir
conf/ismir/2017;ir
conf/ismir/2021;ir
conf/ismir/2014;ir
conf/ismir/2018;ir
conf/ismir/2006;ir
conf/ismir/2019;ir
conf/ismir/2015;ir
conf/ismir/2013;ir
conf/ismir/2005;ir
conf/ismir/2012;ir
conf/ismir/2017dlfm;ir
conf/ismir/2016;ir
conf/ismir/2020;ir
conf/ecir/2017smerp;ir
conf/ecir/2016mlm;ir
conf/ecir/2019amir;ir
conf/ecir/2010;ir
conf/ecir/2020text2story;ir
conf/ecir/2007;ir
conf/ecir/2009;ir
conf/ecir/2011;ir
conf/ecir/2016newsir;ir
conf/ecir/2008;ir
conf/ecir/2017;ir
conf/ecir/2018newsir;ir
conf/ecir/2020siirh;ir
conf/ecir/2014gamifir;ir
conf/ecir/2018text2story;ir
conf/ecir/2015mrdm;ir
conf/ecir/2022text2story;ir
conf/ecir/2017bir;ir
conf/ecir/2022-1;ir
conf/ecir/2014;ir
conf/ecir/2018bir;ir
conf/ecir/2014bir;ir
conf/ecir/2019text2story;ir
conf/ecir/2015gamifir;ir
conf/ecir/2019-1;ir
conf/ecir/2015scst;ir
conf/ecir/2021-2;ir
conf/ecir/2022-2;ir
conf/ecir/2019bir;ir
conf/ecir/2016bir;ir
conf/ecir/2018;ir
conf/ecir/2006;ir
conf/ecir/2021romcir;ir
conf/ecir/2021text2story;ir
conf/ecir/2015bir;ir
conf/ecir/2020-1;ir
conf/ecir/2015;ir
conf/ecir/2022romcir;ir
conf/ecir/2019-2;ir
conf/ecir/2013;ir
conf/ecir/2005;ir
conf/ecir/2012;ir
conf/ecir/2016;ir
conf/ecir/2018brodyn;ir
conf/ecir/2017somepeas;ir
conf/ecir/2021-1;ir
conf/ecir/2020-2;ir
conf/msr/2010;ir
conf/msr/2007;ir
conf/msr/2009;ir
conf/msr/2011;ir
conf/msr/2008;ir
conf/msr/2017;ir
conf/msr/2021;ir
conf/msr/2014;ir
conf/msr/2022;ir
conf/msr/2018;ir
conf/msr/2006;ir
conf/msr/2019;ir
conf/msr/2015;ir
conf/msr/2013;ir
conf/msr/2005;ir
conf/msr/2012;ir
conf/msr/2016;ir
conf/msr/2020;ir
conf/fusion/2010;ir
conf/fusion/2007;ir
conf/fusion/2009;ir
conf/fusion/2011;ir
conf/fusion/2008;ir
conf/fusion/2017;ir
conf/fusion/2021;ir
conf/fusion/2014;ir
conf/fusion/2022;ir
conf/fusion/2018;ir
conf/fusion/2006;ir
conf/fusion/2019;ir
conf/fusion/2015;ir
conf/fusion/2013;ir
conf/fusion/2012;ir
conf/fusion/2016;ir
conf/fusion/2020;ir
conf/wsdm/2010;ir
conf/wsdm/2019idm;ir
conf/wsdm/2009;ir
conf/wsdm/2011;ir
conf/wsdm/2008;ir
conf/wsdm/2017;ir
conf/wsdm/2021webtour;ir
conf/wsdm/2021;ir
conf/wsdm/2017swm;ir
conf/wsdm/2014;ir
conf/wsdm/2022;ir
conf/wsdm/2020hsdm;ir
conf/wsdm/2009wscd;ir
conf/wsdm/2021l2d;ir
conf/wsdm/2018;ir
conf/wsdm/2019;ir
conf/wsdm/2020privatenlp;ir
conf/wsdm/2015;ir
conf/wsdm/2013;ir
conf/wsdm/2012;ir
conf/wsdm/2016;ir
conf/wsdm/2020;ir
conf/mir/2010;ir
conf/mir/2021mmart;ir
conf/mir/2007;ir
conf/mir/2011;ir
conf/mir/2017mfsec;ir
conf/mir/2018retech;ir
conf/mir/2008;ir
conf/mir/2020lsc;ir
conf/mir/2017;ir
conf/mir/2021lsc;ir
conf/mir/2021;ir
conf/mir/2014emr;ir
conf/mir/2018lsc;ir
conf/mir/2014;ir
conf/mir/2022mad;ir
conf/mir/2022;ir
conf/mir/2015emr;ir
conf/mir/2022lsc;ir
conf/mir/2017wearmme;ir
conf/mir/2021icdar;ir
conf/mir/2020mmart;ir
conf/mir/2014somus;ir
conf/mir/2018;ir
conf/mir/2016marmi;ir
conf/mir/2006;ir
conf/mir/2018mmart;ir
conf/mir/2019;ir
conf/mir/2015;ir
conf/mir/2013;ir
conf/mir/2019lsc;ir
conf/mir/2021mmpt;ir
conf/mir/2005;ir
conf/mir/2012;ir
conf/mir/2022icdar;ir
conf/mir/2016;ir
conf/mir/2020;ir
conf/bigcom/2017;ir
conf/bigcom/2021;ir
conf/bigcom/2018;ir
conf/bigcom/2019;ir
conf/bigcom/2015;ir
conf/bigcom/2016;ir
conf/bigcom/2020;ir
conf/asunam/2010;ir
conf/asunam/2009;ir
conf/asunam/2011;ir
conf/asunam/2017;ir
conf/asunam/2021;ir
conf/asunam/2014;ir
conf/asunam/2018;ir
conf/asunam/2019;ir
conf/asunam/2015;ir
conf/asunam/2013;ir
conf/asunam/2012;ir
conf/asunam/2016;ir
conf/asunam/2020;ir
